user1,pwd1,email1,phone1
user2,pwd2,email2,phone2
user3,pwd3,email3,phone3
user4,pwd4,email4,phone4
user5,pwd5,email5,phone5
user6,pwd6,email6,phone6
user7,pwd7,email7,phone7
user8,pwd8,email8,phone8
user9,pwd9,email9,phone9
user10,pwd10,email10,phone10
user11,pwd11,email11,phone11
user12,pwd12,email12,phone12
user13,pwd13,email13,phone13
user14,pwd14,email14,phone14
user15,pwd15,email15,phone15
user16,pwd16,email16,phone16
user17,pwd17,email17,phone17
user18,pwd18,email18,phone18
user19,pwd19,email19,phone19
user20,pwd20,email20,phone20
